Actual,Predicted
Unknown,Unknown
Unknown,Unknown
Unknown,Unknown
Unknown,Unknown
Unknown,Unknown
Unknown,Unknown
Unknown,Unknown
Unknown,Unknown
Unknown,Unknown
Unknown,Unknown
Unknown,Unknown
Unknown,Unknown
Unknown,Unknown
Unknown,Unknown
Unknown,Unknown
Unknown,Unknown
Unknown,Unknown
Unknown,Unknown
Unknown,Unknown
Unknown,Unknown
Unknown,Unknown
Unknown,Unknown
Unknown,Unknown
Unknown,Unknown
Unknown,Unknown
Unknown,Unknown
Unknown,Unknown
Unknown,Unknown
Unknown,Unknown
Unknown,Unknown
Unknown,Unknown
Unknown,Unknown
Unknown,Unknown
Unknown,Unknown
Unknown,Unknown
Unknown,Unknown
Unknown,Unknown
Unknown,Unknown
Unknown,Unknown
Unknown,Unknown
Unknown,Unknown
Unknown,Unknown
Unknown,Unknown
Unknown,Unknown
Unknown,Unknown
Unknown,Unknown
Unknown,Unknown
Unknown,Unknown
Unknown,Unknown
Unknown,Unknown
Unknown,Unknown
Unknown,Unknown
Unknown,Unknown
Unknown,Unknown
Unknown,Unknown
Unknown,Unknown
Unknown,Unknown
Unknown,Unknown
Unknown,Unknown
Unknown,Unknown
Unknown,Unknown
Unknown,Unknown
Unknown,Unknown
Unknown,Unknown
Unknown,Unknown
Unknown,Unknown
Unknown,Unknown
Unknown,Unknown
Unknown,Unknown
Unknown,Unknown
Unknown,Unknown
Unknown,Unknown
Unknown,Unknown
Unknown,Unknown
Unknown,Unknown
Unknown,Unknown
Unknown,Unknown
Unknown,Unknown
Unknown,Unknown
Unknown,Unknown
Unknown,Unknown
Unknown,Unknown
Unknown,Unknown
Unknown,Unknown
Unknown,Unknown
Unknown,Unknown
Unknown,Unknown
Unknown,Unknown
Unknown,Unknown
Unknown,Unknown
Unknown,Unknown
Unknown,Unknown
Unknown,Unknown
Unknown,Unknown
Unknown,Unknown
Unknown,Unknown
Unknown,Unknown
Unknown,Unknown
Unknown,Unknown
Unknown,Unknown
Unknown,Unknown
